PH,EC,TEMP,LABEL
5.79,2.23,63.05,1
5.62,2.38,59.56,1
5.93,3.85,65.44,1
5.61,3.57,78.36,1
6.36,3.74,69.44,1
6.26,4.73,64.56,1
6.45,3.01,63.28,1
6.07,5,65.6,1
5.86,3.91,78.4,1
6.12,3.04,59.12,1
5.93,2.54,78.41,1
6.27,3.81,78.22,1
6.08,4.73,66.14,1
6.43,4.99,71.94,1
5.71,2.41,75.08,1
5.77,3.19,60.58,1
6.3,3.71,72.69,1
6.27,4.45,75.73,1
6.35,3.92,61.74,1
5.7,4.77,65.5,1
5.78,3,67.83,1
6.25,2.27,62.7,1
6.21,3.27,76.99,1
6.47,2.6,67.38,1
6,2.46,60.24,1
6.18,2.52,66.9,1
6.23,2.35,75.73,1
6.34,4.06,65.18,1
5.66,2.12,69.01,1
6.15,4.29,69.71,1
5.85,4.21,59.05,1
5.79,3.15,70.2,1
5.77,3.59,66.71,1
5.92,2.64,71.54,1
5.62,3.6,67.56,1
6.1,4.56,77.55,1
5.81,2.14,72.38,1
6.22,2.79,61.66,1
6.22,4.09,76.28,1
5.67,2.49,72.79,1
6.22,3.66,75.25,1
6.19,3.54,59.36,1
5.9,3.96,67.48,1
6.08,4.33,70.91,1
5.78,4.52,78.53,1
6.33,4.63,67.11,1
6.35,2.36,62.5,1
6.46,3.6,69.37,1
5.93,2.31,66.18,1
5.77,3.7,78.19,1
5.85,2.82,75.91,1
6.2,4.16,78.49,1
5.72,3.07,75.64,1
6.19,4.93,64.15,1
5.6,4.14,59.97,1
5.69,2.3,65.19,1
5.69,2.74,76.59,1
5.72,3.06,66.64,1
6.12,2.93,60.02,1
6.22,4.99,69.27,1
5.86,3.33,64.52,1
6.46,2.27,65.75,1
6.13,2.87,72.18,1
6,3.63,70.82,1
5.81,2.35,65.17,1
5.86,4.27,62.44,1
5.96,2.76,77.18,1
6.42,4.27,78.81,1
6.42,3.68,64.51,1
5.61,3.02,61.29,1
5.76,3.08,62.45,1
6.27,2.79,71.68,1
5.75,2.56,61.71,1
6.16,3.88,73.97,1
5.84,4.02,67,1
5.69,2.89,70.39,1
5.7,4.63,68.16,1
6.18,2.87,71.48,1
5.76,3.84,67.81,1
6.34,3.32,69.69,1
5.81,3.83,72.35,1
5.63,2.25,76.5,1
6.48,2.36,65.51,1
5.74,3.84,73.7,1
6.1,2.93,69.02,1
5.66,2.87,61.57,1
5.94,4.83,67.48,1
5.8,2.9,63.81,1
5.61,3.44,70.96,1
6.48,4.63,75.88,1
5.87,3.45,66.24,1
6.21,3.1,78.55,1
6.33,3.49,68.46,1
6.18,2.38,62.11,1
6.42,4.61,66.47,1
6.38,2.58,66.13,1
5.84,3.44,63.28,1
6.35,2.95,76.75,1
6.38,4.38,76.47,1
5.87,4.19,70.77,1
6,2.51,93.87,2
6.15,2.61,89.11,2
6.24,2.2,93.98,2
6.03,2.7,82.43,2
6.37,4.82,84.86,2
6.33,4.12,89.26,2
5.72,3.39,81.01,2
5.79,4.95,80.83,2
6.16,3.22,83.58,2
5.78,4.28,82.96,2
6.35,2.14,88.9,2
5.94,2.33,95.26,2
6.04,4.48,90.49,2
5.92,3.05,85.07,2
5.87,4.7,92.37,2
5.88,4.16,81.73,2
6.01,4.54,93.07,2
5.81,3.63,99.43,2
6.41,4.62,86.35,2
5.64,3.3,93.71,2
6.5,2.13,91.42,2
5.71,2.82,99.75,2
6,3.86,80.17,2
6.04,4.5,95.38,2
6.49,4.11,83.07,2
5.92,3.19,99.9,2
5.9,3.35,88.4,2
5.77,4.62,85.79,2
5.95,3.61,93.69,2
5.64,4.16,86,2
6.29,3.32,99.38,2
5.87,3.94,97.09,2
5.69,2.67,87.63,2
5.7,4.89,99.04,2
5.79,3.75,97.66,2
6.05,2.46,95.3,2
6.33,4.68,93.35,2
6.38,3.19,96.56,2
6.06,2.41,99.85,2
5.99,4.84,87.49,2
5.9,4.95,92.59,2
5.61,2.92,80.04,2
5.76,3.52,94.43,2
5.81,3.47,99.95,2
6.44,3.01,83.37,2
5.77,4.86,95.71,2
6.2,4.78,92.35,2
5.76,4.94,80.59,2
5.82,4.12,80.09,2
6.25,2.5,99.72,2
6.15,2.65,87.41,2
6.18,4.45,80.25,2
6.28,2.99,84.77,2
5.72,4.6,87.2,2
6.02,2.76,85.02,2
5.76,4.63,86.61,2
6.41,2.16,95.72,2
6.02,3.46,98.46,2
5.99,3.81,83.45,2
6.46,4,90.64,2
6.12,3.63,93.66,2
5.62,3.27,94.19,2
5.9,4.62,96.4,2
6.45,3.98,88.49,2
5.67,4.99,97.73,2
6.13,4.88,99.45,2
6.08,3.12,92.5,2
6.31,4.37,97.86,2
6.1,3.45,96.99,2
6.22,2.88,83.87,2
5.7,4.88,90.99,2
5.64,2.1,83.87,2
5.69,3.07,93.76,2
6.07,2.38,98.8,2
5.97,3.72,96.63,2
6.14,4.5,88.53,2
6.37,3.77,93.38,2
5.6,4.65,81.93,2
6.3,4.8,92.93,2
6.22,3.35,87.38,2
6.5,2.12,82.95,2
5.87,2.39,97.29,2
6.24,3.41,83.61,2
5.92,2.91,81.38,2
6.25,2.55,98.55,2
6.29,4.13,82.68,2
5.94,2.86,99.61,2
6.02,3.72,94.65,2
5.65,3.8,88.55,2
6.17,4.12,85.53,2
5.67,4.72,87.89,2
6.25,2.11,92.3,2
5.62,2.18,94.21,2
5.9,3.8,95.48,2
6.27,2.95,91.36,2
6.23,2.35,86.84,2
5.73,2.81,96.02,2
6.45,2.34,86.12,2
5.65,3.35,96.06,2
5.62,2.92,90.94,2
5.96,4.11,33.06,3
5.99,2.88,38.66,3
5.63,3.4,33.19,3
6.43,3.65,41.13,3
5.85,3.2,45.91,3
5.68,2.83,35.27,3
5.71,3.18,35.04,3
6.1,4.92,54.41,3
6.5,4.45,41.51,3
5.93,3.75,57.32,3
6,3.36,36.94,3
6.4,4.36,41.74,3
6.49,2.73,55.09,3
6.49,2.46,45.51,3
6.28,4.66,39.86,3
6.39,2.74,49.98,3
5.89,3.35,56.11,3
5.65,4.96,44.88,3
6.37,4.79,40.97,3
5.61,2.51,43.97,3
6.48,4.39,46.19,3
6.37,3.14,43.25,3
5.82,4.83,37.05,3
6.22,4.31,49.36,3
6.34,2.18,55.61,3
5.84,2.63,43.65,3
6.27,3.28,46.11,3
5.96,4.78,51.64,3
5.7,2.24,43.13,3
5.64,4.07,36.74,3
6.04,2.9,54.96,3
6.27,2.7,53.48,3
5.99,4.19,55.14,3
5.65,4.87,40.32,3
5.95,3.7,53.6,3
6.12,3.77,44.93,3
5.9,4.1,54.72,3
6.26,2.69,50.07,3
6.02,2.87,36.98,3
5.73,3.87,46.1,3
6.27,3.23,55.45,3
6.15,2.76,53.52,3
6.41,4.45,35.02,3
6.01,4.55,40.2,3
6.14,2.1,51.18,3
6.17,4.82,53.18,3
6.13,4.19,52.42,3
5.83,2.23,46.94,3
6.34,4.05,52.66,3
6.36,4.78,37.34,3
5.75,3.75,53.47,3
6.3,4.6,39.22,3
5.64,4.14,33.04,3
5.74,2.7,33.42,3
6.04,3.93,53.81,3
5.72,4.68,55.27,3
6.46,4.42,39.19,3
5.79,3.99,33.06,3
6.22,2.99,32.24,3
5.83,4.7,45.41,3
5.85,2.36,51.06,3
5.86,4.34,53.91,3
6.05,3.49,32.24,3
5.65,2.99,42.33,3
5.81,3.75,51.73,3
6.35,3.78,33.97,3
5.98,3.65,43.42,3
6.21,4.02,36.98,3
5.84,3.37,47.83,3
6.36,4.55,39.12,3
6.4,3.82,53.66,3
6.27,2.64,57.19,3
5.78,2.43,33.68,3
5.94,4.39,42.16,3
6.23,3.54,47.84,3
5.77,4.4,57.07,3
5.72,4.25,44.72,3
5.72,3.09,51.23,3
6.1,3.32,36.02,3
5.61,4.31,44.07,3
6.37,3.39,34.45,3
5.99,3.93,44.41,3
5.93,3.32,53.93,3
5.92,2.67,32.89,3
6.29,4.33,42.73,3
6.29,3.21,52.5,3
6.46,4.2,33.15,3
5.91,4.96,56.44,3
6.48,3.61,45,3
6.07,2.41,46.86,3
5.89,4.13,42.7,3
5.82,2.32,46.17,3
5.9,3.34,50.19,3
5.77,2.81,51.91,3
5.84,3.54,32,3
6.2,3.72,52.24,3
6.18,4.57,54.11,3
6.1,2.79,55.05,3
6.35,4.61,38.05,3
6.21,3.34,46.9,3
5.83,5.39,59.25,4
5.73,9.85,78.6,4
5.75,8.65,65.8,4
6.15,5.96,76.96,4
6.43,7.55,66.72,4
5.6,9.98,59.39,4
6.12,7.91,67.14,4
6.32,6.37,71.7,4
5.79,8.73,63.34,4
6.33,7.11,73.11,4
5.83,6.29,78.22,4
5.91,9.26,64.96,4
6.32,7.63,59.89,4
6.09,9.19,59.47,4
6.12,7.35,67.9,4
5.74,10,61.02,4
6.22,7.45,74.58,4
6.35,6.85,65.89,4
5.64,9.95,67.32,4
5.98,6.64,64.81,4
6.48,5.25,68.32,4
6.46,7.65,73.73,4
6.13,6.41,65.17,4
5.92,5.87,68.58,4
5.94,6.22,62.82,4
6.36,7.8,63.23,4
5.72,7.8,77.11,4
6.35,8,77.89,4
5.73,5.65,62.56,4
6.44,9.97,65.06,4
6.18,5.64,75.62,4
6.02,7.78,63.5,4
6.49,8.43,74.85,4
6.27,6.18,64.91,4
6.09,5.68,67.78,4
5.67,7.45,63.15,4
6.34,8.99,70.19,4
6.19,5.92,61.1,4
5.65,7.17,75.58,4
6.18,5.41,71.24,4
6.16,9.56,59.18,4
6.31,6.56,63.4,4
5.86,7.57,60.15,4
6.37,7.1,71.65,4
5.83,8.91,65.86,4
6.36,8.52,75.14,4
5.73,5.39,64.92,4
6.41,6.8,78.61,4
5.99,5.85,69.68,4
6.44,8.42,70.29,4
6.19,8.92,67.32,4
6.34,5.47,59.62,4
5.6,8.79,61.54,4
5.73,6.42,65.9,4
5.63,7.7,64.72,4
6.39,7.69,67.68,4
6.15,7.83,63.57,4
6.27,9.32,69.4,4
6.29,5.98,61.15,4
6.08,9.52,77.39,4
5.82,6.24,71.37,4
5.73,6.76,77.61,4
5.65,6.84,60.1,4
6.21,7.41,65.09,4
6.16,9.64,72.1,4
6.14,9.49,75.36,4
6.42,8.28,60.67,4
6.14,6.39,63.63,4
6.37,7.13,78.55,4
6.4,6.98,61.6,4
5.97,7.99,76.29,4
6.02,8.57,63.26,4
6.5,5.89,74.27,4
6.34,5.56,70.53,4
6.49,8.07,62.11,4
6.02,8.42,76.83,4
5.91,7.49,65.9,4
6.34,8.13,69.3,4
5.65,6.38,61.52,4
6.09,6.49,63.65,4
5.67,6.6,76.94,4
6.24,6.07,70.39,4
5.81,7,73.41,4
6.44,7.36,63.71,4
5.81,6.4,68.33,4
6.48,7.94,78.18,4
6.31,7.8,76.67,4
5.62,5.14,73.83,4
6.08,8.97,68.49,4
6.45,7.17,62.18,4
6.02,8.22,72.67,4
6.13,7.79,64.01,4
5.96,7.41,65.04,4
5.7,6.54,78.74,4
6.25,5.85,76.53,4
6.14,8.11,71,4
6.34,9.7,62.66,4
6.32,6.73,62.17,4
6.18,5.69,69.29,4
6.14,7.41,60.11,4
6.08,7.52,96.5,5
6.27,6.71,97.48,5
5.86,9.58,81.66,5
6.19,5.81,95.78,5
5.75,7.16,84.22,5
5.85,6.39,86.07,5
6.21,5.86,93.22,5
6.06,7.73,84.33,5
6.13,6,90.72,5
5.67,6.92,84.08,5
6.22,7.05,89.84,5
6.4,6.44,96.8,5
5.8,5.78,99.52,5
5.84,6.08,84.82,5
6.39,7.93,94.85,5
6.12,6.3,99.2,5
5.62,7.94,89.31,5
5.68,8.39,87.5,5
6.4,8.52,93.45,5
5.76,5.35,83.39,5
5.95,7.44,94.75,5
5.64,7.8,96.55,5
6.36,9.33,85.03,5
6.02,5.63,81.68,5
6.2,5.46,84.41,5
6.34,7.88,81.47,5
6.02,6.56,99.19,5
6.13,6.06,95.09,5
6.03,6.36,91.46,5
6.17,9.44,83.1,5
6.17,6.19,88.71,5
5.66,6.41,83.67,5
6.09,5.61,94.57,5
6.18,7.07,92.56,5
6.25,6.88,99.89,5
6.47,5.12,84.72,5
5.67,6.24,82.13,5
6.28,7.58,82.78,5
6.27,8.62,92.82,5
6.48,8.55,89.45,5
5.6,7.31,98.39,5
6.43,6.78,83.11,5
5.97,9.41,98.72,5
6.48,8.25,97.67,5
6.39,9.65,99.43,5
5.7,6.78,89.7,5
6.25,6.87,85.92,5
6.4,8.05,80.15,5
6.41,9.94,83.59,5
6.29,9.34,84.58,5
6.28,7.58,84.65,5
6.35,9.12,81.86,5
6.47,6.11,94.72,5
5.75,7.31,96.21,5
6.13,6.7,85.84,5
5.74,8.04,99.85,5
6.45,9.64,99.57,5
5.76,6.07,84.21,5
5.75,8.35,95.6,5
6.5,5.78,86.33,5
6.13,5.33,82.34,5
5.74,9.55,87.13,5
6.29,7.11,92.06,5
6.03,9.2,82.03,5
5.69,6.27,85.64,5
6.27,6.43,89.84,5
5.97,7.94,99.22,5
6.33,7.41,88.8,5
6.31,9.97,98.49,5
5.67,7.25,99.26,5
5.63,6.64,90.8,5
5.89,9.99,87.4,5
5.67,9.51,88.24,5
5.99,7.21,93.15,5
5.78,6.52,97.14,5
5.86,6.65,99.17,5
5.84,5.26,94.11,5
6.37,6.23,93.79,5
5.66,8.71,94.43,5
5.73,7.4,91.17,5
5.84,6.25,94.73,5
5.87,5.67,98.71,5
5.82,8.1,98.35,5
6.29,5.75,83.22,5
5.68,6.57,80.18,5
5.67,8.94,88.47,5
6.03,8.87,87.69,5
5.65,9.65,92.76,5
6.48,9.13,87.78,5
5.85,6.01,80.19,5
6.34,5.22,81.99,5
5.69,8.46,90.66,5
5.9,9.42,92.97,5
5.65,7.83,99.16,5
5.66,9.27,96.03,5
5.83,7.15,94.48,5
5.68,5.16,80.35,5
5.94,7.33,84.22,5
6.22,7.21,83.12,5
6,5.8,80.04,5
5.71,6.82,51.27,6
6.41,7.68,39.74,6
5.83,5.17,42.28,6
6.47,8.73,44.19,6
6.13,9.99,44.64,6
6.25,7.76,56.36,6
6.14,7.22,44.11,6
6.45,7.93,36.35,6
5.75,7.54,53.81,6
6.44,8.62,35.01,6
5.85,8.33,51.42,6
5.82,9.03,42.12,6
6.43,9.9,43.86,6
6.29,5.79,37.75,6
5.84,5.96,43.65,6
6.03,7.48,42.67,6
6.23,6.49,42.78,6
6.28,8.21,33.33,6
6.18,6.56,50.3,6
6.33,9.41,34.33,6
6.15,8.65,50.73,6
6.48,9.28,57.63,6
6.04,6.95,57.46,6
5.72,5.49,57.78,6
5.99,6.55,44.57,6
5.88,6.7,49.5,6
5.88,9.52,37.36,6
5.89,7.51,47.82,6
5.97,6.07,55.06,6
5.9,8.17,51.52,6
6.15,6.5,43.92,6
5.65,8.31,49,6
5.62,8.43,33.99,6
5.94,7.22,46.34,6
5.72,5.48,52.41,6
6.39,5.67,49.22,6
6.22,8.83,56.46,6
5.9,7.13,34.72,6
6.18,6.88,41.71,6
6.27,5.67,35.5,6
5.97,8.15,38.25,6
5.7,8.31,32.58,6
6.32,6.7,57.77,6
6.37,6.4,35.12,6
5.66,7.52,39.16,6
6.35,7.54,36.53,6
6.21,5.33,48.72,6
5.76,9.36,37.26,6
5.83,7.06,52.99,6
6.43,9.11,44.13,6
6.11,5.46,39.35,6
6.34,6.49,50.56,6
6.11,7.83,55.07,6
6.38,7.06,45.42,6
6.17,8,50.15,6
6.16,5.77,36.01,6
5.77,5.45,39.34,6
6.19,7.68,49.84,6
6.23,9.54,44.47,6
6.5,9.87,47.54,6
5.61,5.25,57.44,6
5.96,5.31,35.08,6
5.91,9.46,39.3,6
6.11,6.97,48.29,6
6.47,8.54,53.91,6
6.04,9.64,52.82,6
6.06,5.31,38.31,6
6.43,6.29,42.85,6
6.1,5.95,40.81,6
6.2,5.68,43.89,6
6.35,8.18,39.97,6
6.2,6.89,49.4,6
5.61,8.83,57.73,6
6.29,7.51,39.68,6
5.84,5.92,45.51,6
6.13,5.92,45.52,6
5.91,8.69,42.53,6
5.81,8.84,50.68,6
5.98,5.49,32.13,6
5.78,6.92,38.68,6
6.28,9.22,39.96,6
5.69,7.61,38.87,6
6.41,8.19,41.31,6
5.71,6.97,47.64,6
6.3,5.54,40.6,6
6.21,5.45,57.15,6
6.04,9.79,37.61,6
5.89,7.31,32.62,6
5.83,8.48,48.24,6
6.01,9.64,41.59,6
6.27,5.81,37.82,6
5.96,5.49,34.54,6
5.81,5.97,45.16,6
5.99,6.89,45.43,6
6.14,6.23,41.97,6
6.18,6.29,35.21,6
5.76,6.38,52.13,6
6.3,8.11,55.97,6
6.23,5.52,35.81,6
5.87,5.92,51.64,6
6.02,1.67,72.95,7
5.74,1.26,76.97,7
6.06,1.59,72.66,7
6.45,0.08,74.55,7
6.25,0.23,62.43,7
6.24,0.71,76.65,7
6.02,0.77,66.63,7
6.11,1.9,65.74,7
5.63,1.76,65.74,7
5.71,1.47,75.31,7
5.61,0.23,77.38,7
6.13,0.66,73.54,7
6.29,1.77,77.91,7
6.15,1.99,70.11,7
5.75,1.2,65.31,7
5.87,1.02,60.63,7
6.11,0.7,73.62,7
6.03,0.67,65.65,7
5.96,0.63,60.06,7
5.82,1.7,62.29,7
6.36,0.11,69.73,7
6.08,1.71,76.82,7
5.81,0.81,75.21,7
5.73,1.01,60.74,7
5.85,1.3,61.26,7
6.37,1.12,64.67,7
5.89,0.5,73.48,7
6.46,0.11,78.65,7
5.96,0.29,77.94,7
6.37,1.28,73.12,7
6.49,0.37,75.23,7
5.64,0.9,64.11,7
6.42,1.53,75.58,7
5.83,1.26,66.11,7
5.86,2,59.22,7
6.34,0,60.83,7
5.79,0.34,74.17,7
5.76,1.27,68.52,7
5.72,1.74,63.16,7
6.08,1.22,60.85,7
6.48,1.36,69.38,7
6.18,1.79,64.82,7
6.44,0.55,60.93,7
6.31,0.1,60.92,7
5.61,0.97,64.55,7
6.13,1.92,74.79,7
5.85,0.09,73.55,7
6.04,1.4,71.22,7
6.45,0.79,61.82,7
5.86,1.92,77.41,7
5.77,0.96,67.94,7
6.43,0.33,62,7
5.84,0.17,70.35,7
6.35,0.88,68.27,7
6.03,0.99,62.1,7
5.86,1.75,60.41,7
5.92,0.27,75.69,7
5.92,0.8,60.11,7
5.93,0.5,64.02,7
6.02,1.54,69.74,7
5.75,1.88,66.13,7
6.33,0.55,75.61,7
6.14,1.84,63.36,7
6.27,1.84,62.76,7
5.9,1.01,66.41,7
5.74,0.1,78.03,7
6,1.66,70.84,7
6.29,0.79,72.61,7
5.97,0.32,74.29,7
6.44,1.2,68.66,7
6.34,0.03,70.21,7
6.45,0.44,74.48,7
6.48,0.43,68.17,7
6.34,0.05,66.49,7
6.3,1.32,75.13,7
6.29,1.75,78.88,7
5.85,1.37,60.99,7
5.74,1.31,66.53,7
5.77,1.91,72.75,7
5.81,0.92,72.76,7
6.03,0.91,61.16,7
6.45,0.27,67.21,7
6.17,1.82,67.95,7
5.6,1.65,61.37,7
6.28,1.17,71.58,7
6.31,0.14,78.09,7
6.19,0.74,73.3,7
5.93,0.7,62.03,7
6.25,0.48,65.37,7
5.77,0.15,72.15,7
5.9,1.89,60.47,7
5.77,0.97,74.1,7
5.97,1.44,63.53,7
5.64,0.41,76.81,7
5.85,0.65,74.51,7
5.7,1.51,61.61,7
5.9,0.77,68.47,7
6,0.39,59.61,7
5.62,0.01,72,7
5.75,1.1,61.13,7
5.69,1.95,95.13,8
5.64,1.77,80.62,8
5.95,1.74,85.98,8
6.41,0.22,95.27,8
6.21,1.72,80.11,8
6.1,1.49,97.85,8
5.84,0.51,83.84,8
5.98,1.54,86.96,8
5.98,0.31,87.28,8
6.27,1.31,99.84,8
6.45,1.64,95.2,8
5.62,1.65,85.65,8
5.9,0.41,93.96,8
6.34,0.93,87.58,8
6.18,1.01,90.1,8
5.77,1.26,86.13,8
5.99,1.13,93.55,8
6.1,0.73,92.5,8
5.66,0.7,84.82,8
6.12,1.25,95.73,8
6.12,0.03,92.18,8
6.33,1.25,94.58,8
5.92,0.38,89.53,8
5.94,0.11,95.06,8
6.08,0.52,97.68,8
6.1,0.65,97.57,8
5.87,1.69,90.97,8
6.04,0.46,91.68,8
5.95,1.69,86.37,8
5.84,0.29,84.82,8
5.97,1.24,94.62,8
5.82,0.06,89.62,8
6.07,1.9,85.8,8
6.44,0.03,83.68,8
5.83,1.82,87.33,8
6.09,0.07,87.28,8
6.04,1.54,89.82,8
6.49,1.72,86.19,8
5.69,0.48,91.82,8
6.01,0.07,95.64,8
5.83,1.9,85.59,8
5.88,0.06,99.83,8
5.93,1.28,99.94,8
6.47,1.42,95.03,8
5.84,0.44,96.81,8
6.39,1.02,81.58,8
5.73,1.5,81.71,8
5.78,1.75,80.04,8
5.96,0.62,98.59,8
5.76,0.43,81.75,8
5.69,0.73,94.47,8
5.75,1.01,91.19,8
6.33,0.89,91.43,8
6.45,0.92,81.13,8
6.32,1.07,81.39,8
6.21,0.58,88.69,8
5.99,1.84,95.59,8
5.7,1.38,90.66,8
6.09,0.45,86.59,8
5.79,0.66,84.43,8
5.75,0.32,82.58,8
6.16,1.71,96.97,8
6.22,0.02,88.97,8
6,0.2,82.76,8
5.61,1.77,95.59,8
6.18,1.43,82.67,8
6.15,0.91,87.99,8
5.9,0.27,82.29,8
5.81,0.26,88.76,8
5.87,0.73,86.06,8
5.74,0.49,96.31,8
6.24,1.85,81.11,8
5.96,0.77,81.41,8
6.33,1.66,98.65,8
6.06,0.46,98.28,8
5.91,1.49,96.67,8
6.11,1.39,94.51,8
6.11,1.9,82.16,8
5.79,0.95,88.51,8
6.04,1.29,94.82,8
5.76,1.58,98.17,8
5.99,0.26,81.19,8
6.37,1.3,93.6,8
5.62,1.61,86.18,8
6.37,0.65,80.16,8
5.75,1.81,87.29,8
6.02,0.82,83.51,8
6.26,0.08,86.83,8
5.94,0.09,80.02,8
6.48,0.05,90.56,8
6.12,1.75,98.07,8
5.95,1.1,81.44,8
6.43,1.2,92.09,8
5.67,1.7,97.94,8
6.04,0.87,82.59,8
6.4,0.8,93.07,8
6.21,1.35,88.34,8
6.02,1.64,89.66,8
5.68,1.91,84.07,8
6.05,0.15,90.04,8
5.76,0.57,55.02,9
5.86,1.26,51.55,9
5.98,0.87,58,9
5.67,1.99,41.11,9
6.26,1.46,41.55,9
5.6,1.07,36.75,9
5.83,1.38,41.91,9
6.25,1.91,51.23,9
5.9,1.92,34.28,9
5.66,1.97,48.05,9
6.24,1.24,53.09,9
5.8,1.64,45.84,9
6.15,1.08,33.38,9
6.31,1.62,36.99,9
5.94,1.67,51.83,9
5.84,1.15,35.04,9
5.8,1.41,51.17,9
5.91,1.32,36.11,9
6.02,1.23,50.95,9
6.35,0.83,36.47,9
6.33,0.9,55.66,9
5.61,0.96,48.6,9
6.23,1.66,49.89,9
6.42,0.3,50.43,9
6.21,0.82,48.72,9
5.82,1.78,55.82,9
6.15,0.12,56.22,9
6.15,0.44,34.13,9
5.66,0.43,43.52,9
5.64,0.54,54.34,9
5.72,0.52,40.82,9
6.36,1.62,45.32,9
6.5,0.55,34.59,9
6.32,1.93,54.3,9
6.46,0.49,34.01,9
6.04,0.62,34.49,9
5.7,1.98,43.25,9
6.45,0.53,44.36,9
5.68,0.85,42.9,9
6.03,0.6,36.14,9
5.76,0.74,54.56,9
6.43,1.82,36.1,9
6.16,0.32,34.53,9
5.75,0.5,43.27,9
5.91,1.84,54.56,9
6.17,0.84,41.75,9
5.89,1.62,34.66,9
5.71,0.67,33.08,9
6.49,0.2,35.26,9
6.34,1.49,51.63,9
6.39,0.8,46.36,9
5.6,0.19,44.33,9
5.67,1.15,44.13,9
5.87,1.8,52.79,9
5.94,0.88,47,9
6.38,0.26,37.96,9
5.93,0.04,34.64,9
6.21,0.26,39.07,9
6.36,1.65,37.56,9
6.27,1.69,39.11,9
6.1,1.2,33.85,9
6.48,1.3,37.38,9
6.15,0.37,39.92,9
6.11,1.44,53.94,9
6.04,1.93,47.58,9
6.11,0.84,40.72,9
5.96,1.12,53.05,9
6.22,1.86,39.01,9
5.85,1.85,33.07,9
6.22,1.22,50.76,9
5.99,0.75,34.89,9
5.85,1.45,32.63,9
6.34,1.16,35.69,9
6.28,0.58,55.57,9
5.63,1.24,45.73,9
6.12,0.92,35.27,9
6.41,1.04,53.49,9
5.95,1.93,34.29,9
5.6,0.21,54.96,9
5.88,0.13,50.47,9
6.5,1.19,55.03,9
6.21,0.25,44.23,9
5.78,1.99,39.28,9
5.81,0.32,46.78,9
6.28,0.68,57.87,9
6.5,0.16,56.09,9
5.69,1.56,55.77,9
5.76,1.43,54.32,9
5.81,0.61,50.18,9
5.88,0.48,49.85,9
6.21,1.95,34.15,9
6.05,0.9,37.13,9
6.03,0.92,48.32,9
5.74,1.98,33.96,9
5.86,1.27,37.41,9
6.24,1.69,45.08,9
6,0.41,54.75,9
6.3,0.04,57.87,9
5.81,0.73,56.01,9
5.62,1.26,33.18,9
6.77,4.43,69.85,10
6.65,4.87,68.78,10
8.48,4.51,59.04,10
7.52,4.71,75.18,10
6.7,2.85,60.75,10
6.74,4.01,67.8,10
7.04,3.09,64.52,10
7.11,4.46,71.63,10
7.37,4.78,60.7,10
7.28,2.41,59.09,10
8.49,3.43,59.66,10
7.22,2.16,70.36,10
8.39,3.84,63.2,10
8.35,3.34,73.31,10
7.64,2.66,72.26,10
8.66,2.83,76.83,10
8.19,2.97,74.43,10
8.56,4.86,76.93,10
7.34,3.13,65.4,10
7.03,4.1,66.6,10
7.47,4.22,74.98,10
8.49,3.68,59.21,10
7.03,4.93,75.74,10
7.56,3.56,59.65,10
7.47,3.99,74.2,10
8.17,4.82,72.6,10
8.71,2.69,74.15,10
8.09,3.08,59.48,10
7.84,4.4,59.22,10
7.53,3.55,74.9,10
7.83,4.84,74.9,10
8.59,2.14,61.14,10
8.52,4.9,72.25,10
7.39,2.6,63.73,10
7.14,2.45,76.92,10
8.35,4.68,71.65,10
7.1,3.83,69.78,10
7.23,3.56,76.87,10
7.98,4.65,69.53,10
8.32,2.75,74.46,10
7.14,3.35,65.77,10
8,2.63,67.35,10
8.79,2.76,75.55,10
7.49,3.96,65.23,10
7.21,4.57,61.09,10
7.71,4.13,72.12,10
7.32,2.16,74.1,10
8.33,4.4,67.77,10
7.14,4.65,59.34,10
8.7,4.22,71.48,10
8.41,3.77,66.02,10
7.75,3.18,78.35,10
8.81,2.24,72.18,10
8.23,3.92,75.27,10
7.4,4.44,73.97,10
8.67,3.61,74.21,10
7.75,2.92,59.4,10
7.43,3.76,64.02,10
8.64,4.16,63.37,10
7.38,3.06,69.08,10
8.09,4.03,68.62,10
8.15,4.7,67.51,10
7.09,2.94,76.34,10
8.95,2.82,71.69,10
7.99,3.63,62.56,10
8.55,4.84,62.06,10
8.07,4.37,78.38,10
8.02,3.57,68.72,10
7.51,2.58,63.93,10
8.44,2.53,70.4,10
7.06,2.3,64.64,10
7.58,4.84,60.83,10
8.53,4.11,70.87,10
8.58,3.03,62.2,10
7.79,3.7,71.83,10
7.3,2.65,61.39,10
8.39,2.38,77.89,10
7.98,2.94,70.64,10
8.56,4.37,72.64,10
7.79,2.13,62.11,10
7.13,2.81,59.89,10
8.11,2.14,69.33,10
8.81,2.74,67.13,10
7.31,2.45,76.6,10
8.32,3.44,68.52,10
7.24,3.04,70.79,10
8.59,3.83,77.44,10
7.84,3.37,60.98,10
8.29,4.19,64.47,10
7.47,2.58,77.12,10
8.77,2.88,75.01,10
8.37,2.19,72.8,10
7.16,2.44,77.41,10
7.32,2.17,60.66,10
7.04,3.57,71.31,10
8.8,3.16,73.16,10
7.1,2.69,75.27,10
6.76,3.72,68.45,10
7.21,3.21,63.97,10
7.41,3.76,69.56,10
7.88,2.3,86.75,11
7.37,4.8,87.82,11
7.29,2.32,84.39,11
7.12,4.6,81.89,11
7.86,4.95,83.52,11
6.82,3.27,84.67,11
8.97,2.39,94.72,11
8.99,3.47,81.94,11
7.35,3.3,87.5,11
6.97,3.81,85.65,11
7.87,4.52,87.74,11
7.14,3.03,97.34,11
8.39,3.38,84.02,11
7.42,3.83,99.41,11
7.02,4.47,97.9,11
8.24,4.16,96.55,11
7.19,4.96,87.34,11
7.3,3.37,80.3,11
8.27,4.93,85.11,11
8.89,4.35,96.29,11
8.47,2.61,90.35,11
8.57,4.56,85.41,11
8.78,2.84,84.74,11
7.34,3.08,98.04,11
7.18,2.75,98.99,11
7.03,2.2,99.72,11
7.24,4.65,92.26,11
6.68,2.2,80.68,11
8.61,4.74,93.47,11
6.82,3.35,89.05,11
7.97,3.67,91.47,11
8.32,3.97,88.56,11
6.92,4.51,92.18,11
7.72,4.58,92.79,11
7.75,2.19,80.4,11
8.82,4.75,92.6,11
6.95,3.56,81.26,11
7.32,2.58,83.92,11
7.53,3.23,91.58,11
7.79,3.97,80.7,11
7.35,3.95,86,11
7.24,3.95,86.06,11
8.91,4.5,80.16,11
7.61,4.7,97.08,11
8.77,4.87,81.09,11
7.21,2.66,86.96,11
7.81,2.58,83.81,11
6.78,4.94,91.31,11
7.96,2.63,81.24,11
6.87,2.79,89.44,11
7.37,4.53,93.68,11
7.36,3.06,85.3,11
8.15,2.91,99.96,11
6.69,4.18,99.4,11
8.28,4.17,81.32,11
6.99,4.37,95.73,11
7.06,3.56,88.74,11
7.21,3.5,92.38,11
7.77,3.2,85.67,11
7.94,4.09,92.39,11
7.09,4.18,85.83,11
6.9,2.11,93.48,11
8.13,3.6,97.72,11
6.94,3.11,95.62,11
7.46,3.19,96.51,11
6.65,4.55,83.65,11
7.29,4.16,91.29,11
6.67,2.79,98.44,11
6.78,4.64,98.55,11
8.55,3.51,90.47,11
8.78,4.89,83.99,11
7.37,4.17,96.43,11
7.7,4.73,80.79,11
8.41,3.82,87.49,11
8.8,3.24,91.59,11
8.94,4.09,87.24,11
8.58,4.53,88.9,11
8.13,4.13,84.6,11
8.83,2.92,82,11
8.84,2.2,96.87,11
7.98,3.75,96.35,11
8.86,3.09,87.07,11
6.76,4.79,91.8,11
7.87,2.93,86.26,11
7.22,3.57,90.36,11
8.04,2.44,80.74,11
6.89,4.82,84.11,11
6.73,3.11,83.27,11
7.7,3.79,86.29,11
7.79,2.37,86.45,11
7.22,2.71,90.29,11
8.97,3.76,83.82,11
7.28,3.23,87.09,11
8.15,4.68,80.91,11
7.63,3.24,84.4,11
7.78,3.97,94.83,11
8.14,3.5,96.2,11
7,3.27,89.59,11
8.92,2.33,99.65,11
7.8,3.58,99.07,11
8.58,3.5,54.38,12
7.02,3.46,41.5,12
7.69,3.06,48.65,12
8.32,3.53,32.4,12
6.62,4.09,37.61,12
8.17,2.63,39.23,12
6.65,4.03,36.59,12
7.38,3.31,51.72,12
7.06,3.48,57.89,12
8.1,4.98,46.54,12
6.98,2.11,32.12,12
8.1,3.84,49.2,12
8.55,3.26,39.59,12
6.72,2.71,38.3,12
8.52,4.94,50.81,12
7.76,4.84,47.63,12
7.08,4.2,50.63,12
8.65,2.93,50.35,12
8.82,4.47,46.16,12
8.92,3.83,48.73,12
6.82,4.23,32.66,12
6.7,2.47,52.73,12
7.1,3.45,32.86,12
8.16,3.64,47.42,12
8.88,3.5,51.38,12
8.74,3.14,37.33,12
7.64,2.53,32.78,12
7.36,4.17,50.9,12
7.14,3.97,33.92,12
7.08,3.11,55.96,12
7.12,4.16,44.5,12
7.67,2.82,36.6,12
7.46,2.52,51.57,12
8.63,3.15,53.57,12
7.94,2.16,42.16,12
6.89,2.78,43.64,12
7.45,4.42,52.95,12
6.88,3.36,51.23,12
7.8,4.78,53.68,12
8.88,3.61,51.93,12
6.94,4.02,39.96,12
8.82,2.15,32.44,12
6.86,2.37,51.25,12
6.97,2.83,36.73,12
8.5,3.88,36.18,12
7.36,3.44,34.17,12
7.7,3.69,43.07,12
8.13,4.81,54.47,12
7.25,2.94,32.36,12
8.77,4.82,56.6,12
7.24,3.7,51.21,12
8.96,3.56,37.35,12
8.68,3.91,38.09,12
7.21,2.63,32.85,12
8.52,3.34,55.07,12
7.34,2.19,48.25,12
7.4,2.11,54.36,12
7.6,3.15,49.53,12
8.29,3.32,45.33,12
8.18,2.66,43.54,12
8.75,3.95,37.92,12
8.21,2.3,34.06,12
8.95,3.68,33.11,12
7.56,3.58,57,12
8.49,3.71,33.2,12
7.04,2.13,39.94,12
6.62,4.3,52.77,12
7.98,4.79,48.27,12
8.54,3.13,44.59,12
7.47,3.82,43.32,12
7.22,4.21,40.13,12
8.21,2.2,36.96,12
6.69,4.35,45.65,12
7.86,3.22,47.68,12
7.97,4.9,36.12,12
8.5,3.49,48.58,12
6.83,3.77,48.44,12
8.1,3.63,56.73,12
7.16,4.73,51.13,12
6.97,4.04,37.41,12
8.66,3.83,50.41,12
8.62,2.72,33.49,12
6.91,4.22,34.93,12
6.63,4.02,33.51,12
8.64,4.65,54.81,12
7.12,3.76,37.18,12
7.79,4.16,52.3,12
7.03,3.29,51.9,12
7.49,4.47,57.88,12
7.22,4.7,55.72,12
8.07,3.3,53.89,12
7.26,4.13,53.16,12
8.1,3.4,48.99,12
8.06,3.13,37.42,12
7.11,4.76,36.98,12
8.88,3.07,37.46,12
7.72,2.61,53.62,12
7.08,3.95,34.16,12
7.19,3.14,32.99,12
6.91,2.54,50.85,12
8.8,6.09,77.14,13
7.18,8.3,67.77,13
6.89,5.61,78.46,13
7.35,7.2,61.8,13
6.93,9.42,59.59,13
8.5,7.27,59.44,13
8.48,7.67,74.81,13
6.61,8.74,62.71,13
7.05,9.95,60.43,13
6.93,9.67,61.08,13
8.55,6.94,65,13
7.27,6.85,65.98,13
7.89,8.85,63.75,13
6.95,5.2,64.92,13
6.64,5.42,68.92,13
7,7.11,76.14,13
8.12,5.97,77.81,13
6.8,9.83,78.78,13
8.36,9.51,70.04,13
8.48,9.2,59.53,13
8.68,6.48,62.32,13
8.74,9.08,74.12,13
8.07,6.12,67.78,13
8.62,5.98,76.06,13
7.93,9.78,60.97,13
7.75,6.14,65.16,13
7.33,8.18,69.44,13
8.33,5.72,62.26,13
7.92,8.82,62.86,13
8.81,7.61,66.45,13
6.95,6.42,70.32,13
6.84,6.19,59.87,13
7.17,9.35,63.43,13
6.96,5.42,77.25,13
8.66,8.99,73.37,13
6.95,5.95,63.22,13
7.98,7.47,75.17,13
8.89,8.58,66.4,13
8.08,6.97,68.54,13
7.17,9.88,64.56,13
7.89,9.83,72.37,13
8.43,6.94,67.26,13
8.85,7.3,67.5,13
6.86,5.18,76.85,13
6.83,6.28,60.25,13
7.74,5.6,72.22,13
8.76,7.32,59.81,13
8.5,7.19,59.58,13
7.76,9.87,69.25,13
7.92,8.38,68.33,13
8.08,8.44,69.2,13
6.91,6.4,59.92,13
7.29,6.2,61.93,13
8.56,8.82,64.9,13
6.98,8.57,63.66,13
8.68,9.67,59.75,13
6.89,8.34,77.6,13
8.01,7.04,63.23,13
6.62,7.51,59.45,13
7.27,7.79,78.17,13
6.95,9.5,62.44,13
8.86,9.87,68.5,13
6.97,8.43,78.71,13
7.12,6.66,60.34,13
7.41,8.51,75.37,13
7.97,8.96,78.14,13
8.26,7.99,67.1,13
7,5.84,75.51,13
8.73,5.77,69.5,13
7.71,8.23,68.32,13
8.23,7.92,75.72,13
7.22,8.32,64.22,13
7.85,6.51,70.44,13
8.08,5.44,68.86,13
7.1,7.12,64.83,13
8.73,5.84,67.51,13
6.85,6.89,72.72,13
7.51,5.52,68.01,13
8.1,5.84,67.33,13
7.4,6.91,68.4,13
8.71,6.39,74.5,13
8.28,7.52,65.33,13
8.17,6.48,59.81,13
7.34,5.46,62.46,13
8.18,7.59,60.57,13
6.75,8.91,65.53,13
7.97,9.32,70.6,13
8.87,7.18,62.95,13
7.77,6.11,64.29,13
7.97,6.96,77.71,13
7.85,6.72,66.01,13
7.16,9.88,62.87,13
8.26,6.78,72.98,13
8.06,5.97,64.73,13
7.26,8.89,63.73,13
7.39,5.52,66.09,13
6.66,5.36,76.03,13
8.38,9.47,77.93,13
7.24,6.84,60.36,13
8.69,6.59,59.02,13
8.07,8.13,99.58,14
7.11,9.46,99.61,14
6.84,8.81,91.21,14
6.8,5.93,87.55,14
7.52,8.71,83.89,14
7,6.08,96.41,14
8.16,9.68,98.4,14
7.09,8.04,95.59,14
6.96,9.95,82.56,14
7.37,8.97,89.19,14
8.73,8.29,83.04,14
7.72,5.35,96.67,14
8.88,5.75,93.1,14
7.51,5.6,92.54,14
8.35,7.61,84.74,14
7.1,5.57,99.74,14
7.63,5.37,82.6,14
8.49,8.01,98.26,14
7.01,9.3,98.6,14
8.96,8.65,86.86,14
8.07,8.08,94.06,14
8.01,6.41,93.93,14
6.61,8.79,81.86,14
8.51,8.61,96.26,14
7.65,7.93,99.56,14
6.8,8.24,97.16,14
8.09,8.87,86.09,14
8.01,9.92,88.82,14
8.22,9.71,96.77,14
8.26,5.59,86.04,14
7.75,5.56,86.77,14
8.84,5.51,83.14,14
8.58,7.55,88.62,14
8.18,9.52,87.36,14
8.45,9.63,80.91,14
8.72,6.89,93.97,14
8.81,6.42,80.79,14
8.69,6.95,83.27,14
6.7,8.54,92.56,14
8.58,7.99,80.82,14
8.9,5.94,96.09,14
7.58,7.77,81.5,14
6.6,6.82,89.19,14
8.38,6.47,88.49,14
7.81,8.94,81.12,14
8.79,6.85,94.93,14
6.91,8.34,83.15,14
7.59,6.93,82.42,14
8.62,9.45,92.7,14
7.57,5.41,86.03,14
7.86,8.39,87.47,14
8.06,8.09,95.81,14
6.79,6.07,86.3,14
7.01,5.87,80.14,14
7.43,7.43,86.75,14
7.02,9.36,81.64,14
8.4,7.7,82.23,14
7.88,9.68,99.09,14
8.21,8.82,95.87,14
6.77,6.18,95.93,14
7.55,9.21,95.44,14
8.92,7.14,96.46,14
8,9.61,84.29,14
7.42,5.36,95.91,14
6.92,6.3,94.72,14
8.53,7.19,92.02,14
7.29,7.37,88.62,14
7.42,8.72,85.73,14
7.6,6.51,80.57,14
7.08,6.61,84.81,14
8.64,8.01,80.72,14
7.63,9.34,92.21,14
7.02,8.51,97.36,14
8.86,9.21,96.29,14
7.71,8.69,80.53,14
7.41,6.83,96.83,14
7.27,6.29,96.89,14
8.6,8.55,85.72,14
6.7,9.97,91.13,14
7.1,9.75,89.9,14
8.78,9.95,94.4,14
8.55,5.46,98.79,14
7.05,6.28,83.85,14
8.31,6.92,80.81,14
8.85,7.77,93.87,14
8.31,8.77,93.01,14
8.89,6.93,86.84,14
8.71,7.5,85.5,14
7.95,8.9,90.49,14
8.01,6.61,88.83,14
6.9,8,80.26,14
8.06,6.83,82.54,14
7.3,6.67,96.14,14
8.08,6.11,91.89,14
8.85,8.6,82.02,14
6.66,7.3,81.64,14
7.85,7.92,99.22,14
7.71,7.31,80.69,14
8.7,9.4,85.55,14
8.59,5.88,89.64,14
8.35,8.87,37.72,15
8.29,7.34,44.25,15
7.47,5.99,54.95,15
8.84,5.72,53.34,15
7.44,8.86,53.23,15
8.43,7.05,53.91,15
6.87,7.51,32.48,15
7.32,5.57,33.21,15
7.2,6.99,57.82,15
6.74,7.75,41.69,15
7.38,5.12,44.07,15
8.93,8.46,47.83,15
7.55,5.35,45.01,15
6.88,5.88,44.02,15
6.74,5.37,43.25,15
7.15,9.66,56.12,15
7.17,9.82,53.06,15
8.56,5.96,35.19,15
8.49,7.35,35.97,15
7.12,8.12,44.06,15
8.8,9.22,54.19,15
8.87,7.23,48.1,15
8.97,7.86,55.44,15
8.32,6.85,32.61,15
8.26,5.54,49.34,15
7.54,9.71,49.08,15
7.36,5.85,46.32,15
6.9,7.03,40.04,15
8.25,7.33,46.38,15
8.68,7.75,50.38,15
8.59,7.17,46.8,15
8.58,5.49,52.33,15
7.88,9.04,52.77,15
7.29,7.93,33.05,15
7.59,8.31,35.76,15
7.96,8.92,46.48,15
6.94,7.45,41.39,15
8.61,9.52,53.8,15
7.41,7.91,48.27,15
7.59,6.56,36.47,15
8.63,9.47,54.08,15
7.04,9.9,33.22,15
8.76,7.56,39.49,15
7.08,6.24,47.56,15
7.88,5.6,45.08,15
8.98,7.6,35.48,15
8.84,9.46,42.32,15
7.54,5.37,47.32,15
8.13,9.79,52.37,15
6.67,5.63,55.93,15
6.76,9.76,35.17,15
7.78,8.07,49.76,15
7.93,5.13,40.51,15
8.97,5.24,54.17,15
6.76,6.98,33.55,15
6.7,5.73,51.86,15
8.59,6.06,56.6,15
7.27,5.27,53.02,15
8.26,9.83,52.25,15
6.6,7.34,38.3,15
8.72,9.45,53.67,15
6.89,7.27,54.87,15
6.64,7.33,54.45,15
7.92,9.84,54.27,15
8.9,8.33,47.34,15
6.62,9.31,51.41,15
7.8,9.45,56.02,15
8.97,7.89,50.18,15
8.96,5.89,42.56,15
8.96,7.3,52.13,15
8.25,8.17,56.14,15
6.68,8.46,57.89,15
8.19,8,42.44,15
7.24,7.95,55.16,15
7.44,7.11,32.24,15
8.84,9.49,51.66,15
7.55,6.03,54.46,15
7.34,6.21,38.09,15
7.94,8.06,54.46,15
7.34,8.57,46.84,15
6.9,5.96,45.13,15
8.38,7.03,40.46,15
6.77,7.5,33.24,15
8.02,5.37,43.92,15
7.79,7.37,37.21,15
7.61,8.44,32.99,15
8.82,8.13,36.14,15
8.9,6.65,32.72,15
8.41,8.25,55.41,15
7.81,5.41,55.29,15
7.86,8.73,50.31,15
8.26,5.51,46.46,15
6.93,6.01,57.05,15
7.66,5.91,49.17,15
7.99,9.8,39.09,15
7.53,7.59,48.04,15
6.75,5.29,47.85,15
6.75,8.89,34.92,15
7.3,7.54,36.24,15
8.89,5.27,44.89,15
8,0.52,59.59,16
8.85,1.17,64.61,16
6.9,0.85,77.62,16
7.62,0.62,66.01,16
8.94,1.8,78.57,16
8.22,0.91,66.2,16
8.79,1.66,71.95,16
8.37,1.53,77.83,16
7.96,1.2,62.02,16
7.84,0.64,67.18,16
7.45,1.26,61.77,16
7.81,0.63,78.42,16
7.79,0.95,59.7,16
7.74,0.17,63.88,16
6.95,0.3,64.51,16
7.96,1.43,61.44,16
6.66,1.19,67.15,16
7.2,0.48,72.44,16
8.12,1.94,62.91,16
7.45,0.97,73.99,16
8.69,1.68,64.36,16
6.6,0.36,78.36,16
8.47,1.71,60.1,16
8.58,0.43,78.53,16
7.22,0.58,63.2,16
8.48,0.8,62.11,16
6.95,1.77,67.8,16
8.96,0.13,63.66,16
7.82,0.97,66.53,16
6.98,0.62,62.83,16
8.42,1.94,77.25,16
7.72,1.04,60.18,16
6.82,1.99,69.43,16
8.29,1.28,72.09,16
7.4,0.76,72.81,16
7.34,1.16,72.84,16
8.51,0.02,78.22,16
7.06,1.03,64.89,16
8.45,0.98,71.41,16
6.73,0.94,65.45,16
8.58,1.16,61.83,16
6.96,0.85,76.81,16
8.36,0.76,69.14,16
7.12,1.89,65.77,16
7.56,1.87,60.85,16
7.75,0.36,71.05,16
7.11,0.91,62.06,16
7.49,1.44,62.39,16
7.93,0.54,64.08,16
8.92,0.94,70.52,16
7.19,1.94,71.68,16
6.86,0.91,59.01,16
8.4,0.67,64.49,16
7.6,1.99,60.59,16
7.04,0.54,67.3,16
8.21,1.36,74.11,16
8.84,0.3,61.92,16
7.83,0.67,59.72,16
7.98,0.55,76.71,16
8.37,1.81,75.82,16
6.62,0.36,59.73,16
7.84,0.24,69.59,16
7.4,0.44,67.19,16
8.42,0.72,66.46,16
8.63,0.79,70.03,16
6.87,1.95,71.17,16
6.7,0.16,59.72,16
6.97,0.67,72.95,16
8.76,0.36,59.23,16
7.02,1.05,75.39,16
7.34,0.66,74.45,16
8.99,0.66,77.88,16
8.21,0.14,76.98,16
7.62,1.63,62.09,16
8.46,1.69,62.93,16
6.65,0.58,62.01,16
8.81,1.43,60.24,16
7.44,0.27,72.35,16
7.76,1.16,71.59,16
6.91,0.34,62.24,16
6.85,0.09,59.61,16
8,1.79,63.89,16
8.31,1.99,78.54,16
8.11,0.82,60.59,16
8.85,0.01,63.42,16
8.25,0.56,66.32,16
7.25,0.22,69.35,16
7.28,1.89,75.21,16
7.91,0.51,72.13,16
8.98,1.93,69.24,16
6.89,0.17,73.72,16
7.16,1.49,76.13,16
7.49,0.69,60.01,16
8.66,0.18,77.23,16
7.08,1.54,64.4,16
7.14,0.51,61.13,16
7.86,0.7,68.58,16
7.62,0.2,77.13,16
7.71,1.03,70.22,16
8.04,0.32,73.58,16
7.04,1.34,91.01,17
7.16,1.5,96.47,17
8.4,1.29,89.95,17
7.62,0.54,80.03,17
7.04,0.51,89.68,17
8.99,0.19,98.99,17
8.23,1.77,82.51,17
6.61,1.93,80.02,17
6.91,1.75,80.57,17
8.78,0.59,94.91,17
6.74,0.54,88.02,17
7.05,0.67,82.62,17
7.68,0.78,81.72,17
6.94,1.34,85.42,17
7.61,1.97,92.62,17
8.84,1.62,84.27,17
8.99,1.54,81.54,17
8.26,1.5,84.2,17
8.49,1.06,83.65,17
8.61,1.05,92.35,17
8.48,1.54,99.19,17
7.51,1.66,85.23,17
8.99,0.53,90.88,17
8.26,1.16,94.34,17
7.24,1.23,93.97,17
7.38,0.88,90.22,17
8.36,1.07,87.4,17
8.13,0.98,81.55,17
7.71,1.38,94.66,17
8.19,1.23,82.51,17
6.98,0.67,93.64,17
8.97,0.83,83.61,17
8.48,0.97,89.72,17
7.29,0.22,95.04,17
8.62,1.02,95.55,17
7.63,1.22,96.08,17
8.75,0.82,83.89,17
8.46,0.56,99.33,17
8.8,0.58,94.57,17
7.16,0.88,91.45,17
7.35,1.28,86.41,17
7.64,1.62,81.57,17
8.76,0.44,96.94,17
8.73,1.26,87.23,17
7.38,0.75,96.05,17
7.66,0.34,94.93,17
7.2,1.81,89.16,17
8.73,1.95,96.67,17
8.45,0.76,82.48,17
8.11,0.3,89.74,17
7.24,0.39,80.7,17
6.64,0.94,99.78,17
8.11,0.5,86.8,17
8.49,1.24,92.87,17
7.18,1.13,89.23,17
7.55,0.14,93.04,17
7.26,1.65,99.49,17
8.46,1.47,96.47,17
7.97,0.72,82.33,17
7.89,0.46,97.13,17
7.48,1.77,98.36,17
8.04,0.94,85.07,17
7.59,1.7,95.52,17
7.1,1.64,93.97,17
8.3,0.13,93.65,17
7.87,1.8,89.77,17
7.97,1.53,86.44,17
7.77,1.44,95.04,17
7.48,0.41,97.66,17
8.86,0.67,90.52,17
7.03,0.14,86.18,17
7.62,0.92,85.27,17
8.23,0.8,82.3,17
8.55,0.03,84.23,17
7.17,0.56,99.26,17
6.88,1.3,86.29,17
8.33,1.54,89.93,17
8.05,0.74,89.07,17
7.87,0.13,90.65,17
7.43,0.41,94.08,17
7.5,0.11,90.16,17
6.64,0.32,83.72,17
8.67,0.08,92.21,17
6.76,0.23,84.27,17
8.01,0.1,89.67,17
8.86,1.88,82.28,17
6.86,0.53,84.57,17
7.54,1.32,84.44,17
8.81,1.52,89.29,17
6.98,0.31,93.05,17
8.83,0.12,88.51,17
7.03,0.36,86.32,17
8.6,0.38,97.82,17
7.76,0.26,81.95,17
6.65,1.5,95.38,17
8.42,0.53,90.15,17
6.96,1.17,95.35,17
8.28,1.34,89.43,17
6.62,1.91,99.09,17
6.86,0,80.18,17
8.92,1.3,50.52,18
7.6,1.49,34.21,18
8.86,0.24,46.28,18
6.62,0.6,42.53,18
8.83,0.66,52.3,18
8.67,0.47,54.33,18
6.69,1.08,54.63,18
8.37,1.1,48.34,18
7.33,0.65,55.78,18
7.03,0.27,42.7,18
7.14,1.46,52.48,18
7,1.47,51.04,18
8.06,1.59,44.7,18
7.07,0.31,49.72,18
8.65,1.3,47.23,18
7.82,1.68,55.8,18
7.43,0.41,37.29,18
8.77,1.46,34.5,18
7.25,0.52,45.25,18
8.79,0.21,55.53,18
7.13,1.33,35.47,18
8.27,0.08,35.42,18
7.82,0.35,34.8,18
7.12,1.67,34.42,18
8.78,0.08,39.22,18
8.85,1.95,50.73,18
8.43,0.09,54.37,18
7.06,0.64,38.93,18
8.37,0.25,56.62,18
8.91,1.35,52.49,18
6.62,1.16,36.28,18
8.36,0.67,52.79,18
6.88,1.11,42.9,18
8.67,1.46,36.9,18
7.98,1.69,37.99,18
8.18,0.51,32.38,18
7.92,1.37,36,18
7.61,1.59,44.48,18
8.49,1.32,37.91,18
7.74,1.19,43.24,18
8.25,0.83,40.5,18
8.93,1.46,32.54,18
7.08,0.9,44.35,18
8.97,1.11,41.18,18
7.3,1.44,47.71,18
6.81,0.14,56.15,18
6.97,0.63,56.67,18
8.88,0.38,41.56,18
7.09,1.46,48.13,18
8.54,0.98,44.38,18
8.52,0.67,48.96,18
6.77,0.48,34,18
7.27,0.05,56.02,18
6.8,1.25,51.62,18
7.3,0.44,51.5,18
7.98,1.37,35.68,18
8.36,1.92,55.45,18
7.84,0.32,53.3,18
7.8,1.48,32.83,18
6.97,1.85,37.79,18
6.61,1.1,51.94,18
8.68,0.43,32.44,18
8.47,0.04,44.29,18
7.23,0.71,54.88,18
8.22,0.75,35.72,18
8.18,0.88,39.26,18
8.7,1.14,36.19,18
7.24,1.76,35.19,18
8.31,0.76,39.06,18
7.13,1.91,56.61,18
8.49,0.61,44.91,18
7.48,0.49,46.63,18
8.9,1.96,57.59,18
6.99,1.25,38.74,18
7.41,1.14,52.72,18
6.6,0.64,38.85,18
7.93,0.93,45.89,18
8.69,0.56,53.88,18
8.74,0.82,48.03,18
6.92,1.35,53.37,18
8.1,1.66,32.21,18
8.14,0.83,34.37,18
7.26,1.89,53,18
8.27,0.17,38.79,18
7.74,1.48,52.2,18
7.86,1.66,39.42,18
7.89,0.48,51.19,18
6.63,0.28,41.12,18
7.34,1.97,46.39,18
7.47,0.51,48.67,18
8.24,0.33,55.14,18
7.07,1.39,46.24,18
7.62,1.27,57.24,18
8.71,1.68,41.74,18
8.74,1.55,40.54,18
7.11,0.16,36.62,18
8.93,0.07,45.9,18
7.38,0,38.75,18
8.24,1.44,49.34,18
6.66,1.8,37.2,18
3.35,2.78,77.55,19
3.65,4.6,77.22,19
3.65,2.11,66.84,19
3.19,3.82,69.12,19
3.62,2.77,68.18,19
4.59,3.93,66.17,19
5.33,3.99,75.57,19
3.44,2.45,65.25,19
4.18,3.9,73.83,19
3.82,2.43,76.01,19
3.16,4.74,73.33,19
4.43,2.43,61.77,19
3.83,3.17,73.98,19
3.92,3.22,60.62,19
3.11,4.71,60.46,19
5.46,3.88,69.5,19
3.95,3.16,60.03,19
4.35,2.14,61.34,19
4.89,3.74,73.74,19
4.92,4.47,68.52,19
3.7,2.74,64.41,19
4.06,2.47,70.93,19
4.1,3.54,64.46,19
5.18,2.26,78.26,19
3.79,3.33,77.52,19
4.67,3.64,65.4,19
5.04,3.44,68,19
5.47,2.41,74.04,19
3.4,3.66,70.21,19
4.71,5,61.41,19
5.21,2.95,59.62,19
5.47,3.57,76.28,19
4.96,4.33,65.17,19
3.35,4.17,69.23,19
3.56,3.9,78.83,19
4.65,3.8,72.88,19
3.65,3.59,78.68,19
4.07,4.07,74.59,19
4.16,4.43,72.49,19
3.46,3.82,74.12,19
3.09,2.17,70.87,19
4.97,4.07,66.1,19
4.67,4.93,74.74,19
4.25,3.35,74.8,19
3.36,2.89,70.57,19
4.73,2.63,67.52,19
3.74,2.68,63.8,19
3.5,2.84,60.41,19
4.23,3.71,72.55,19
5.24,4.35,66.61,19
4.17,3.09,59.66,19
5.15,2.46,75.02,19
3.04,2.73,67.74,19
5.16,3.31,59.23,19
5.02,4.69,73.87,19
4.97,2.84,65.28,19
3.99,4.64,60.49,19
3.43,4.39,74.19,19
4.77,3.75,70.66,19
3.81,3,74.9,19
4.78,4.34,65.17,19
3.57,2.43,63.35,19
4.05,3.77,68.82,19
3.78,3.64,63.16,19
3.78,4.13,77.93,19
5.38,3.74,59.76,19
3.1,3.86,66.77,19
4.51,3.74,63.06,19
3.09,2.69,60.93,19
3.85,3.5,76.19,19
4.29,3.46,70.2,19
3.03,2.71,77.15,19
3.73,3.96,70.38,19
5.33,3.36,74.6,19
3.11,2.47,66.24,19
4.71,4.72,75.95,19
3.28,4.27,75.25,19
5.13,2.19,61.72,19
4.35,3.6,73.45,19
5.25,3.41,65.22,19
4.3,3.08,77.82,19
4.36,4.88,64.46,19
3.27,4.02,70.1,19
5.43,4.57,78.77,19
5.44,4.69,72.93,19
3.87,3.34,72.77,19
5.01,3.79,74.22,19
4.37,4.25,68.77,19
4.11,2.64,72.97,19
3.47,3.48,63.93,19
3.8,3.79,72.45,19
4.27,2.66,59.44,19
4.13,4.48,62.18,19
5.35,4.19,74.75,19
4.14,3.51,64.08,19
3.5,4.79,71.07,19
4.09,4.77,63.87,19
3.62,3.53,67.85,19
4.38,4.41,59.79,19
3.39,4.77,76.09,19
4.26,4.37,90.38,20
4.31,3.81,99.14,20
5.21,3.45,80.95,20
5.05,2.25,87.74,20
5.35,3.02,94.88,20
4.92,4.5,94.79,20
4.2,2.22,98.96,20
3.28,2.26,82.09,20
4.6,4.32,85.65,20
4.89,4.87,94.17,20
4.21,4.35,92.58,20
4.46,3.15,82.37,20
5.4,4.31,99.44,20
3.68,2.45,99.07,20
3.48,4.34,93.46,20
3.11,3.76,84.85,20
4.17,3.31,87.02,20
4.18,3.06,91.85,20
4.58,2.54,80.69,20
3.73,2.66,100,20
4.35,3.28,81.76,20
3.66,4.34,81.71,20
3.77,3,89.92,20
4.43,2.18,89.14,20
3.14,3.66,82.94,20
4.98,3.32,99.16,20
3.35,2.23,80.37,20
4.11,3.95,82.44,20
3.49,3.31,95.02,20
5.48,2.86,99.26,20
3.14,3.99,93.66,20
5.42,3.41,80.4,20
5.1,4.63,94.97,20
4.45,3.72,90.22,20
4.47,2.89,89.1,20
3.22,4.45,81.55,20
5.11,3.82,95.42,20
5.41,4.29,91.58,20
3.49,2.85,98.88,20
5.3,2.11,84.92,20
5.22,2.35,96.88,20
3.79,2.56,83.58,20
4.4,2.62,99.01,20
4.87,2.14,93.61,20
3.67,2.61,88.56,20
3.61,3.5,91.05,20
5.28,3.57,84.1,20
4.08,4.75,85.16,20
3.12,4.28,99.94,20
3.52,2.85,99.29,20
4.33,2.52,81.08,20
4.49,3.49,98.53,20
5.24,2.4,99.57,20
3.66,3.63,90.16,20
4.03,4.07,96.79,20
4.64,3.26,86.21,20
4.58,2.74,86.7,20
4.69,4.45,95.71,20
4.76,4.55,96.59,20
3.31,2.69,93.66,20
4.58,3.87,94.04,20
4.15,3.17,93.05,20
3.43,4.18,98.27,20
3.17,3.19,94.74,20
5.29,3.47,85.47,20
3.03,4.75,94,20
5.2,2.37,97.23,20
3.01,2.68,86.81,20
3.82,4.09,97.86,20
5.16,3.25,98.93,20
5.09,3.38,94.43,20
4.3,2.4,82.79,20
5.41,4.66,80.95,20
5.14,3.65,99.23,20
5.31,3.75,87.95,20
4.81,3.75,81,20
4.1,3.78,94.75,20
4.03,4.21,82.01,20
3.39,4.24,97.33,20
3.58,3.91,88.15,20
5.39,2.76,85.9,20
4.43,3.23,95.24,20
3.6,2.73,87.78,20
3.55,3.24,92.83,20
4.51,4.79,86.66,20
3.5,2.27,89.51,20
5.34,4.66,90.91,20
4.13,3.49,95.7,20
4.85,3.67,81.57,20
5.2,4.75,85.81,20
4.33,3.54,93.8,20
5.21,4.82,97.31,20
4.17,4.93,87.82,20
3.47,3.88,95.57,20
3.22,2.55,84.74,20
5.46,3.61,94.84,20
4.45,3.66,99.32,20
3.32,3.51,83.35,20
4.53,3.2,81.22,20
4.98,2.28,93.15,20
3.84,2.32,47.42,21
3.39,3.83,36.84,21
4.34,2.23,46.4,21
3.84,2.96,48.87,21
4.74,3.6,47.96,21
3.25,3.44,37.7,21
5.16,2.41,49.24,21
4.65,4.14,40.35,21
4.91,4.66,41.93,21
5.16,4.13,55.41,21
3.41,4.93,35.27,21
5.14,4.59,40.53,21
5.2,2.1,42.95,21
5.2,3.99,41.59,21
4.93,4.14,34.08,21
4.05,3.19,57.48,21
4.21,3.8,39.27,21
3.8,2.54,46.73,21
5.09,4.04,53.29,21
4.13,4.99,50.03,21
4.88,3.67,57.16,21
4.75,3.46,55.18,21
4.88,3.54,45.45,21
3.47,4.11,44.49,21
4.3,4.69,56.09,21
4.41,3.52,34.49,21
4.92,2.39,55.03,21
4.73,3.14,34.33,21
3,3.53,54.1,21
4.44,2.1,47.23,21
4.16,3.23,41.62,21
4.66,4.21,46.26,21
3.21,2.3,47.97,21
4.61,3.37,57.32,21
4.11,4.93,39.86,21
4.03,4.75,39.69,21
5.04,4.7,43.67,21
4.88,3.65,37.48,21
4.3,4.38,32.12,21
3.22,2.18,35.15,21
3.23,2.28,43.47,21
4.62,2.48,50.01,21
5.49,3.11,32.89,21
4.3,3.14,44.4,21
3.77,2.85,44.77,21
3.75,4.92,52.27,21
4.74,2.42,50.67,21
4.74,2.45,54.54,21
4.25,3.82,32.87,21
3.1,2.5,44.11,21
3.2,4.98,53.73,21
4.91,3.39,53.18,21
4.89,2.77,48.53,21
3.02,3.45,44.99,21
3.14,3.73,57.02,21
3.23,3.81,33.47,21
3.41,2.43,40.32,21
5.26,3.9,36.16,21
5.22,3.94,34.06,21
3.73,2.99,36.52,21
3.6,3.36,37.78,21
4.19,4.11,53.97,21
3.44,4.41,50.06,21
5.16,2.87,54.56,21
3.36,4.95,39.78,21
4.62,2.15,49.91,21
5.2,3.69,47.85,21
4.4,4.06,49.84,21
5.23,4.78,37.33,21
4.52,3.85,39.95,21
4.17,2.64,55.46,21
3.97,3.64,45.22,21
4.81,3.29,32.85,21
4.28,4.35,40.81,21
3.63,2.47,49.83,21
4.13,2.58,50.72,21
5.08,4.93,35.51,21
3.28,2.75,53.85,21
4.81,3.3,40.36,21
3.55,4.54,53.13,21
3.1,3.13,33.31,21
4.02,2.81,57.78,21
4.33,4.69,45.22,21
3.26,3.94,42.74,21
3.34,4.68,37.03,21
4.64,4.98,48.74,21
4.94,2.33,53.47,21
5.16,2.4,39.27,21
3.4,4.8,52.23,21
5.13,2.95,45.64,21
4.57,3.97,40.11,21
4.56,4.86,46.41,21
4.82,4.77,40.96,21
4.2,2.29,53.17,21
4,2.46,49.92,21
3.66,4.5,54.66,21
5.47,4.28,39.26,21
5.46,2.93,37.36,21
5.42,3.23,52.72,21
3.47,3.5,56.25,21
3.42,5.65,33.79,22
3.24,5.39,37.18,22
4.25,7.97,56.07,22
5.05,6.67,39.47,22
4.19,9.73,39.85,22
4.55,5.48,38.11,22
4.05,7.18,57.82,22
5,6.46,37.13,22
4.02,5.27,40.89,22
3.32,8.84,47.35,22
5.5,7.38,57.98,22
3.53,6.85,41.85,22
3.29,9.83,47.93,22
4.11,9.92,48.34,22
4.03,6.69,42.71,22
3.82,9.05,42.13,22
5.09,5.9,38.2,22
3.4,8.08,41.79,22
3.59,5.42,41.78,22
5.09,7.41,51.17,22
4.34,5.23,52.62,22
4.63,7.74,34.1,22
4.56,6.9,40.34,22
3.59,8.7,52.71,22
3.17,6.87,55.85,22
4.05,6.72,50.43,22
5.27,8.12,43.21,22
4.26,7.56,56.29,22
4.32,6.09,55.56,22
3.59,8.62,54.9,22
3.75,9.56,40.01,22
5.13,8.95,53.28,22
4.14,8.22,54.53,22
5.09,6.19,39.63,22
3.89,9.72,34.74,22
3.75,6.36,54.12,22
4.02,5.32,39.27,22
4.75,9.51,37.61,22
3.51,9.38,48.28,22
3.48,6.69,37.55,22
5.38,7.74,55.87,22
4.29,9.31,56.39,22
3.76,6.4,39.07,22
3.05,8.28,34.93,22
3.42,5.37,52.3,22
4.88,8.56,38.07,22
4.57,6.36,40.22,22
3.46,5.26,57.82,22
3.03,5.61,57.55,22
5.19,7.59,54.04,22
3.66,5.89,40.13,22
4.31,6.76,41.52,22
5.31,10,49.75,22
4.55,7.24,57.3,22
3.02,8.47,50.67,22
3.17,7.14,41.85,22
3.3,6.35,51.99,22
5.47,5.88,55.74,22
4.19,7.06,57.93,22
3.8,8.83,56.18,22
3.33,7.45,57.99,22
3.68,7.14,43.22,22
4.79,6.36,42.32,22
3.01,8.51,55.11,22
3.22,7.35,36.97,22
5.09,5.45,52.62,22
3.41,9.59,44.88,22
3.54,8.74,32.1,22
4.91,9.43,44.88,22
4.44,7.74,51.8,22
3.84,7.1,53.11,22
3.63,6.36,39.82,22
3.75,5.95,32.04,22
4.44,8.05,55.73,22
4.48,9.94,44.56,22
3.1,6.25,53.01,22
4.07,6.95,48.17,22
4.37,8.23,46.52,22
5.23,6.24,37.29,22
3.34,9.91,51.7,22
4.01,9.59,49.95,22
4.82,9.45,37.41,22
3.51,6.87,39.85,22
4.35,7.62,48.94,22
4.13,9.41,36.07,22
3.09,9.25,51.24,22
3.64,9.01,40.7,22
3.94,7,35.86,22
3.77,6.11,44.45,22
3.08,9.09,42.79,22
5.29,8.31,37.08,22
4.29,6.14,33.59,22
3.47,9.01,51.21,22
4.73,6.34,53.49,22
4.58,8.86,39.49,22
4.94,5.38,53.69,22
4.8,5.36,49.73,22
4.02,9.93,35.7,22
4.92,8.13,45.24,22
4.18,8.52,35.57,22
4.87,7.19,95.29,23
5.07,9.23,97.67,23
4.61,9.46,97.51,23
5.03,9.35,97.94,23
3.16,7.69,85.56,23
4.64,8.27,96.44,23
4.26,7.77,90.94,23
3.07,7.92,97.54,23
3.83,9.56,81.38,23
3.53,6.77,84.41,23
3.48,7.61,93.99,23
4.53,7.81,82,23
3.78,8.15,90.2,23
3.56,9.28,84.27,23
3.41,8.59,97.13,23
4.76,8.4,94.61,23
3.94,6.04,91.43,23
4.36,5.57,96.24,23
3.98,7.26,82.47,23
4.8,6.86,82.73,23
4.55,9.04,89.07,23
4.97,8.42,87,23
3.28,6.33,82.03,23
4.57,8.95,98.73,23
3.38,7.83,94.19,23
4.85,8.24,90.51,23
3.31,7.48,96.4,23
3.49,7.53,93.44,23
5.41,8.01,99.49,23
4.37,9.68,99.92,23
3.64,9.84,85.35,23
4.08,8.22,95.71,23
3.87,5.65,90.22,23
3.33,7.41,93.92,23
4.57,7.69,94.61,23
4.56,7.59,86.49,23
3.35,6.29,82.55,23
5.1,7.96,99.36,23
4.57,6.76,92.4,23
5.02,6.47,97.36,23
4.18,7.56,86.74,23
3.37,9.82,85.34,23
3.52,7.03,84.45,23
3.58,8.5,82.83,23
4.02,9.19,98.68,23
4.14,9.48,82.42,23
4.53,7.85,80.78,23
3.68,7.42,80.82,23
5.06,9.8,98.03,23
3.64,8.47,81.68,23
4.12,7.99,82.27,23
4.37,9.86,91.66,23
4.38,6.93,93.16,23
3.88,9.48,97,23
4.33,6.69,82.08,23
4.29,9.84,88.95,23
4.98,6.24,92.21,23
5.1,7.91,94.37,23
4.33,5.16,89.47,23
3.81,9.36,85.88,23
4.78,6.59,99.44,23
5.34,7.36,83.17,23
4.63,8.6,94.74,23
4.56,5.18,97.4,23
3.48,5.46,93.61,23
3.24,8.31,90.07,23
4.61,6.82,80.31,23
3.81,7.33,95.6,23
3.78,6.51,88.47,23
4.48,6.04,99.02,23
3.49,5.76,95.37,23
4.7,9.57,89.11,23
3.08,9.46,90.18,23
3.72,8.54,88.93,23
4.51,5.96,89.95,23
4.53,8.83,93.02,23
3.59,9.8,84.66,23
3.45,7.35,82.82,23
4.15,9.73,80.03,23
3.12,9.56,93.77,23
4.42,6.37,95.74,23
3.28,8.8,84.15,23
3.87,5.94,80.7,23
3.3,8.52,82.9,23
3.17,6.45,97.03,23
4.28,6.55,91.48,23
4.83,7.5,89.82,23
3.79,9.74,82.68,23
5.13,6.54,93.51,23
4.39,7.76,85.09,23
4.77,5.8,82.63,23
4.49,7.14,90.07,23
4.62,6.23,99.42,23
3.87,8.14,96.15,23
4.34,7.88,93.87,23
4.81,8.78,89.11,23
5.14,7.62,81.74,23
3.12,8.37,81.31,23
4.95,8.41,89.68,23
3.74,7.93,92.59,23
3.95,9.83,54.3,24
5.05,7.01,38.81,24
4,8.12,36.82,24
3.17,5.66,45.2,24
4.72,9.38,42.64,24
4.28,5.53,54.62,24
4.35,9.73,34.2,24
4.09,5.17,41.11,24
4.24,5.17,33.96,24
4.52,8.31,54.07,24
3.24,8.42,55.16,24
3.47,7.9,53.01,24
3.97,9.79,33.7,24
3.63,6.29,40.36,24
4.23,7.44,53.49,24
3.97,6.5,46.85,24
4.37,9.95,32.33,24
5.29,8.96,51.84,24
4.16,7.47,55.75,24
5.23,8.21,54.01,24
3.28,5.14,47.03,24
3.48,7.79,36.85,24
3.33,5.78,43.13,24
5.04,5.73,40.93,24
4.81,8.31,55.73,24
4.27,9.15,44.12,24
5.29,5.43,34.97,24
3.74,6.49,40.12,24
3.13,9.71,56.68,24
4.05,7.84,35.12,24
5.17,9.1,36.24,24
3.61,5.55,35.26,24
4.7,8.86,51.64,24
5.26,8.32,55.08,24
4.46,5.89,38.6,24
3.93,9.12,51.29,24
5.46,6.08,46.72,24
3.5,7.2,55.54,24
3.83,6.91,45,24
4.53,6.46,41.61,24
4.68,6.48,33.83,24
5.47,5.18,40.43,24
4.59,9.26,45.92,24
3.57,8.63,35.63,24
3.83,8,39.84,24
5.22,5.31,51.34,24
3.21,9.02,37.69,24
3.37,9.81,35.56,24
3.29,6.54,46.68,24
5.36,7.09,51.35,24
3.11,6.13,49.05,24
5.11,6.12,45.69,24
3.1,9.83,57.72,24
5.44,7.96,44.98,24
3.72,9.16,39.92,24
4.72,7.31,36.72,24
3.19,7.59,46.76,24
3.28,5.53,45.91,24
5.25,8.14,41.6,24
5.39,6.67,32.24,24
4.66,5.92,42.48,24
4.53,9.47,40.6,24
3.39,8.27,56.54,24
4.61,5.21,56.58,24
3.96,5.31,51.01,24
3.9,7.28,43.71,24
3.51,5.78,49.85,24
4.72,8.72,37.42,24
4.91,6.34,37.97,24
4.06,9.37,50.9,24
4.56,8.2,34.5,24
5.31,6.13,35.88,24
3.45,9.5,49.56,24
5.15,5.62,42.63,24
4.94,9.79,57.72,24
3.31,7.62,54.48,24
3.81,6.73,45.59,24
3.82,6.86,45.9,24
4.26,7.4,44.74,24
4.8,6.13,37.36,24
3.99,5.57,32.06,24
3.77,9,50.54,24
3.9,5.24,42.84,24
4.53,7.09,50.98,24
4.94,5.21,56.72,24
5.18,5.76,56.41,24
4.89,6.22,41.56,24
3.33,7.38,51.16,24
3.33,5.29,33.81,24
5.19,6.58,34.23,24
4.3,8.2,52.18,24
3.97,6.24,41.5,24
4.07,7.98,45.18,24
3.3,9.2,46.4,24
3.06,7.21,51.17,24
3.53,5.52,34.53,24
3.03,8.06,49.34,24
3.87,8.31,54.86,24
4.26,6.46,52.86,24
4.58,6,49.43,24
3.81,8,61.19,25
5.27,5.34,76.44,25
5.45,7.17,66.44,25
4.01,9.98,69.54,25
5.15,6.66,59.37,25
5.16,8.79,67.95,25
3.42,6.62,72.73,25
4.26,6.38,74.92,25
3.11,7.04,69.83,25
5.47,6.88,73.01,25
5,8.31,69.65,25
5.05,6.68,78.67,25
4.32,9.24,68.43,25
4.44,6.38,63.17,25
5.11,8.02,73.27,25
4.57,5.99,62.52,25
3.62,9.74,77.26,25
4.91,9.55,74.29,25
3.49,9.64,64.26,25
3.46,6.37,61.27,25
4.48,5.5,67.51,25
3.15,8.42,62.02,25
3.14,6.54,68.16,25
3.66,7.78,73.29,25
5.16,5.9,66.96,25
3.17,5.54,63.34,25
4.58,5.7,66.1,25
4.83,8.55,71.61,25
3.46,7.63,73.53,25
4.1,7.31,61.81,25
5.32,8.47,66.47,25
3.77,7.17,67.79,25
5.36,6.15,75.29,25
3.46,6.24,65.67,25
3.63,5.43,64.97,25
3.11,7.84,66.63,25
5.24,9.2,62.13,25
3.86,8.59,72.73,25
3.26,6.45,61.75,25
3.14,6.57,61.48,25
4.64,9.68,61.08,25
5.1,9.08,61.93,25
5.05,9.38,76.44,25
3.82,9.32,60.11,25
4.46,8.87,61.17,25
3.18,5.18,78.57,25
4.77,6.72,66.12,25
4.26,6.68,72.84,25
3.02,7.71,61.64,25
3.13,7.8,65.49,25
5.47,8.37,68.7,25
3.31,6.2,73.6,25
4.66,9.87,61.78,25
5.11,6.73,69.49,25
4.46,6.33,59.18,25
5.32,8.01,77.06,25
3.76,6.5,70.23,25
5.37,7.27,67.05,25
5.14,5.21,70.89,25
3.78,9.75,67.93,25
3.81,7.41,59.84,25
5.32,8.9,78.71,25
4.98,6.17,76.39,25
3.48,7.84,70.76,25
4.28,5.22,63.81,25
4.15,7.75,62.88,25
5.46,9.42,77.77,25
3.02,7.29,64.94,25
4.99,9.96,67.54,25
5.47,8.83,76.73,25
5.27,8.32,71.82,25
3.02,7.13,64.68,25
3.95,6.6,65.68,25
4.25,9.86,78.13,25
3.74,6.48,75.23,25
4.2,7.74,78.17,25
5.19,6.31,65.26,25
4.53,8.68,60.14,25
3.45,8.21,75.79,25
5.22,6.77,68.57,25
5.05,9.6,71.19,25
3.91,6.85,66.58,25
4.8,7.63,78.67,25
3.75,6.79,63.23,25
3.97,5.61,72.87,25
4.55,7.6,67,25
3.47,7.16,68.22,25
3.4,8.3,70.97,25
4.42,5.21,66.45,25
4.65,9.85,75.45,25
3.15,8.01,71.59,25
5.33,8.23,66.3,25
4.35,9.32,63.29,25
4.71,8.51,65.24,25
5.48,7.3,62.64,25
4.06,6.85,71.1,25
3.05,8.45,64.23,25
3.69,9.14,61.31,25
5.08,9.64,64.98,25
3.62,7.21,78.66,25
5.42,0.13,84.8,26
5.12,0.67,88.93,26
3.8,1.9,84.47,26
4.3,1.03,93.16,26
4.89,0.12,98.49,26
4.9,0.77,91.87,26
4.17,1.97,83.79,26
3.13,0.1,90.96,26
4.44,1.63,98.14,26
4.84,0.63,87.68,26
3.25,1.58,95.38,26
3.79,0.4,99.86,26
4.63,0.2,92.09,26
3.83,0.58,98.97,26
3.9,1.09,80.81,26
4.34,1.46,98.37,26
3.91,1.09,91.59,26
4.93,1.17,91.96,26
4.67,0.26,83.4,26
4.25,0.24,86.14,26
4.59,0.67,80.22,26
5.31,1.99,91.42,26
5.3,1.43,93.33,26
4.14,0.06,85.69,26
5.31,0.91,90.14,26
3.52,1.25,96.37,26
5.31,0.37,80.72,26
3.57,0.5,93.11,26
3.38,0.12,86.36,26
3.19,0.68,86.4,26
3.51,0.42,99.06,26
4.38,1.21,96.93,26
3.69,0.52,87.52,26
3.6,0.11,84.79,26
3.7,0.47,87.59,26
4.63,0.75,98.58,26
3.87,1.83,81.47,26
4.96,1.99,94.56,26
4.8,1.72,85.31,26
5.02,1.42,93.7,26
3.2,1.81,82.49,26
5.35,0.27,99.89,26
5.48,1.86,80.09,26
3.12,0.28,93.02,26
3.13,0.62,89.65,26
4.61,0.11,95.36,26
4.47,0.5,95.21,26
3.26,0.58,87.57,26
4.04,1.38,89.07,26
3.09,0.53,99.66,26
4.82,0.27,97.44,26
4.33,1.69,80.22,26
5.5,0.74,96.56,26
3.42,0.65,90.51,26
5.1,0.27,90.33,26
3.81,0.37,98.22,26
4.5,0.38,99.74,26
4.93,1.22,99.92,26
4.4,1.88,99.15,26
5.21,0.68,95.52,26
5.07,1.67,99.47,26
3.69,1.74,84.57,26
3.53,1.93,89.07,26
4.54,1.24,86.35,26
3.92,1.22,86.15,26
4.46,1.75,92.12,26
4.7,0.59,94.52,26
5.43,1.33,82.83,26
4.23,0.03,83,26
3.61,1.49,87.9,26
4.9,1.25,81.82,26
4.5,0.81,81.42,26
5.46,1.81,84.82,26
5.47,1.42,89.65,26
3.48,1.9,84.32,26
3.31,0.02,97.24,26
3.95,0.46,86.81,26
4.92,1.86,93.5,26
4.24,1.82,81.1,26
4.54,0.68,93.85,26
5.3,0.6,99.82,26
5.5,0.42,88.68,26
4.07,1.28,99.18,26
4.11,1.65,94.95,26
4.06,1.32,89.48,26
4.77,0.81,96.52,26
4.79,0.73,95.73,26
3.17,1.64,96.58,26
3.79,1.32,85.14,26
3.91,0.35,90.4,26
3.09,1.97,80.93,26
5.46,0.47,96.94,26
5.42,1.45,96.22,26
5.19,0.1,81.62,26
3.05,0.44,85.02,26
3,0.91,91.64,26
4.15,0.81,81.25,26
3.2,0.21,84.3,26
3.75,1.61,86.76,26
5.21,0.11,83.72,26
5.24,1.36,52.25,27
3.32,1.27,44.83,27
3.97,1.69,49.58,27
5.23,1.37,33.95,27
3.56,0.65,34.93,27
4.39,1.97,37.55,27
4.34,0.35,38.06,27
4.32,0.47,52.89,27
5.24,0.78,41.46,27
5.38,1.55,32.6,27
4.04,0.62,45.39,27
3.37,0.2,38.59,27
5.43,1.64,45.44,27
5.03,0.73,50.62,27
4.5,1.45,33.2,27
5.31,1.23,50.22,27
4.72,0.39,35.37,27
3.13,0.84,35.91,27
3.74,0.88,41.58,27
3.8,1.16,32.82,27
4.38,1.21,48.44,27
5.26,1.56,54.19,27
3.24,0.61,34.85,27
3.44,0.78,34.83,27
5.22,0.75,47.62,27
3.79,0.82,46.9,27
4.51,0.8,54.28,27
5.45,0.88,47.4,27
4.79,0.76,43.86,27
3.07,1.53,38.38,27
3.23,0.38,39.65,27
5.46,1.98,57.58,27
3.9,0.21,55.76,27
5.47,0.69,42.51,27
5.18,0.81,44.79,27
3.91,0.86,46.3,27
3.28,0.77,53.99,27
4.73,1.34,57.75,27
4.43,0.73,43.69,27
3.68,0.12,47.95,27
3.08,0.38,32.67,27
4.44,0.74,36.42,27
4.53,0.42,50.66,27
4.01,1.18,48.79,27
4.78,0.83,56.71,27
5.06,1.49,40.92,27
4.38,1.67,35.11,27
4.9,0.88,39.13,27
4.89,0.3,45.6,27
3.32,1.44,48.01,27
4.11,0.33,47,27
3,0.07,45.21,27
3.41,1.75,47.33,27
3.95,0.38,43.66,27
3.66,1.61,45.86,27
3.59,1.2,34.94,27
4.85,0.58,36.58,27
4.23,0.2,57.94,27
3.89,0.24,37.65,27
4.21,1.23,45.44,27
4.14,0.23,35.96,27
4.12,1.47,41.55,27
3.52,1.47,40.34,27
3.59,1.33,57.57,27
4.87,1.99,56.84,27
3.11,0.73,47.9,27
3.02,1.94,51.67,27
4.44,0.95,43.97,27
4.37,1.52,43.34,27
4.23,0.28,42.24,27
4.35,1.1,50.69,27
3.12,1.3,47,27
3.12,1.1,50.42,27
5.37,0.37,55.33,27
4.02,0.92,41.43,27
3.46,1.78,40.6,27
3.99,1.62,44.64,27
4.62,1.72,52.44,27
3.77,0.33,49.2,27
5.06,0.47,35.42,27
4.67,0.67,52.5,27
4.13,0.31,46.41,27
4.61,0.64,46.48,27
3.91,1.14,41.87,27
3.52,1.43,52.26,27
4.32,1.35,51.14,27
3.11,0.28,41.52,27
4.51,0.67,50.2,27
4.36,1.29,55.34,27
4.15,1.4,36.34,27
4.06,1.29,46.61,27
4.63,1.52,35.33,27
4.98,1.42,45.42,27
3.55,1.72,44.67,27
5.07,1.86,50.21,27
5.24,1.36,33.01,27
4.04,1.43,48.88,27
5.48,1.17,45.63,27
4.68,0.89,48.15,27
3.16,1.79,48.05,27
